gene	PC1	PC2
GSM1831684	-27.67465695710927	7.471235084336084
GSM1831683	-11.249001233726164	-8.827817886244665
GSM1831677	13.367761151345752	10.24758870514702
GSM1831682	-28.975617316821772	8.66048922216226
GSM1831676	16.470508784483727	2.7307966646699473
GSM1831679	19.552449058378453	8.65238494149371
GSM1831678	0.15383538295194507	5.050102091926407
GSM1831675	17.800379134631633	0.9952769508796558
GSM1831681	2.561022076607919	-17.82613205811
GSM1831680	-2.006680080742228	-17.153923716260405
